/*
** Team: Final_Project_1
** Authors Name-ID : Krishna Singh Rajput - 1229962853
**                 : Nidhi Prakashbhai Mistry - 1230085261
** Course: IFT/530
** SQL Server version: Microsoft SQL Server 2022
*/

--Populating the tables
USE Final_Project_1;
GO

--Inserting values into Bank table
INSERT INTO Bank (bank_id, bank_name) VALUES
(113163645, 'First Colonial Bank for Savings'),
(118440214, 'Hacienda Federal Savings and Loan Association'),
(120522693, 'Mountain West Bank'),
(177465746, 'The Hartley National Bank'),
(264576485, 'Silverton Bridge Bank'),
(307945084, 'Schuyler State Bank'),
(334615916, 'Turtle Creek National Bank'),
(361473636, 'Congressional Bank'),
(408987001, 'Paradise Finance'),
(495885336, 'Michigan Bank');

--Insering values into ATMs table
INSERT INTO ATMs (atm_id, atm_address, bill_limit, cash_limit, bank_id) VALUES
(216422679, '30 Magnolia Avenue Baldwin Park, CA 91706', 5000, 10000, 307945084),
(355615067, '38 Aspen Drive Chula Vista, CA 91911', 5000, 10000, 113163645),
(505570697, '43 Devonshire Drive San Diego, CA 92117', 5000, 10000, 264576485),
(687179920, '78 Pheasant Run Salinas, CA 93906', 5000, 10000, 334615916),
(730816273, '86 Schoolhouse Lane Huntington Beach, CA 92646', 5000, 10000, 495885336),
(760731674, '74 Center Street San Bernardino, CA 92404', 5000, 10000, 118440214),
(770139830, '44 College Street Van Nuys, CA 91405', 5000, 10000, 361473636),
(817085901, '10 1st Street Huntington Park, CA 90255', 5000, 10000, 177465746),
(842691955, '75 Cedar Lane Porterville, CA 93257', 5000, 10000, 120522693),
(939559663, '86 Route 7 Los Angeles, CA 90006', 5000, 10000, 408987001);

--Inserting values into Users table
INSERT INTO Users (user_id, first_name, last_name, address, phone_num) VALUES
(191873690, 'Kristal', 'Tincher', ' 986 Schoolhouse Lane Huntington Beach, CA 92646', '6485151'),
(335430472, 'Elane', 'Tremble', ' 543 Devonshire Drive San Diego, CA 92117', '4749865'),
(338875710, 'Bryon', 'Rager', ' 678 Pheasant Run Salinas, CA 93906', '7458893'),
(481901357, 'Marvin', 'Binns', ' 838 Aspen Drive Chula Vista, CA 91911', '3304418'),
(548284015, 'Danielle', 'Arline', ' 644 College Street Van Nuys, CA 91405', '4494229'),
(616754635, 'Rosalee', 'Trivette', ' 574 Center Street San Bernardino, CA 92404', '2037896'),
(631659054, 'Shelley', 'Collard', ' 386 Route 7 Los Angeles, CA 90006', '1729720'),
(742042850, 'Errol', 'Brantner', ' 230 Magnolia Avenue Baldwin Park, CA 91706', '5954830'),
(972531115, 'Starla', 'Gilligan', ' 310 1st Street Huntington Park, CA 90255', '9108611'),
(995868025, 'Daphne', 'Lafreniere', ' 375 Cedar Lane Porterville, CA 93257', '9963696');

--Inserting values into Cards table
INSERT INTO Cards (card_id, card_num, pin, user_id, bank_id) VALUES
(155464422, '1028765010069440', '6203', 972531115, 177465746),
(208921269, '8593374104865480', '1483', 995868025, 120522693),
(290221785, '3111811876741060', '0091', 548284015, 361473636),
(417844360, '1216011593502420', '3004', 742042850, 307945084),
(527640142, '2378971424541900', '5628', 616754635, 118440214),
(537373141, '2450563549027140', '9187', 338875710, 334615916),
(551739681, '6186292285865560', '1253', 631659054, 408987001),
(647379913, '2400249874857050', '1673', 191873690, 495885336),
(730106009, '6240017680091590', '0832', 481901357, 113163645),
(821275433, '3232467998313530', '1618', 335430472, 264576485);

--Inserting values into Accounts table
INSERT INTO Accounts (account_num, balance, bank_id, user_id, card_id) VALUES
(114830997, 56377.00, 113163645, 481901357, 730106009),
(432495827, 49085.00, 408987001, 631659054, 551739681),
(476987939, 79740.00, 120522693, 995868025, 208921269),
(579414817, 26384.00, 177465746, 972531115, 155464422),
(599822009, 27866.00, 334615916, 338875710, 537373141),
(620948770, 99219.00, 495885336, 191873690, 647379913),
(753040214, 46167.00, 307945084, 742042850, 417844360),
(783728426, 27091.00, 361473636, 548284015, 290221785),
(947157830, 92416.00, 264576485, 335430472, 821275433),
(971931496, 22996.00, 118440214, 616754635, 527640142);

--Inserting values into Deposit table (Transactional tables)
INSERT INTO Deposit (trans_id, trans_amount, account_num) VALUES
(106570209, 7272.00, 783728426),
(116447738, 4407.00, 620948770),
(121701496, 2814.00, 753040214),
(133254305, 9181.00, 114830997),
(143274211, 9912.00, 947157830),
(144993095, 5492.00, 620948770),
(177807570, 3433.00, 432495827),
(208911527, 829.00, 579414817),
(218918911, 3882.00, 432495827),
(249538953, 6644.00, 971931496),
(369274576, 4729.00, 947157830),
(376128270, 6506.00, 114830997),
(382234973, 2955.00, 753040214),
(384312620, 8136.00, 620948770),
(396217616, 4864.00, 476987939),
(448947694, 4344.00, 971931496),
(486812785, 7634.00, 599822009),
(530623079, 6328.00, 114830997),
(546033659, 1137.00, 114830997),
(546774692, 9521.00, 783728426),
(548155601, 5805.00, 432495827),
(556873740, 6948.00, 783728426),
(564987290, 1833.00, 599822009),
(619470814, 8489.00, 783728426),
(625387066, 5198.00, 753040214),
(630699311, 6279.00, 579414817),
(643451595, 4336.00, 579414817),
(673395009, 5155.00, 599822009),
(728512909, 9280.00, 971931496),
(729628474, 6638.00, 432495827),
(766379719, 9770.00, 476987939),
(769391743, 8147.00, 753040214),
(770458283, 1377.00, 753040214),
(773417442, 9379.00, 783728426),
(795084952, 4007.00, 620948770),
(825760641, 7082.00, 579414817),
(852227071, 2848.00, 971931496),
(874548386, 8827.00, 476987939),
(880557481, 3262.00, 579414817),
(882874187, 4716.00, 599822009),
(894711106, 5680.00, 114830997),
(919263910, 3184.00, 476987939),
(941903929, 7812.00, 947157830),
(946888003, 2192.00, 947157830),
(952702340, 6744.00, 432495827),
(954408907, 1637.00, 599822009),
(970315462, 9950.00, 947157830),
(972833584, 4645.00, 971931496),
(983396857, 8915.00, 476987939),
(984921176, 6445.00, 620948770);

--Inserting values into Withdraw table (Transactional tables)
INSERT INTO Withdraw (trans_id, trans_amount, account_num) VALUES
(101367904, 163.00, 579414817),
(122063265, 22.00, 753040214),
(135479550, 25.00, 753040214),
(147553926, 326.00, 753040214),
(163523262, 417.00, 114830997),
(168458953, 245.00, 620948770),
(189380811, 25.00, 599822009),
(190149006, 11.00, 114830997),
(218182431, 328.00, 579414817),
(234301751, 12.00, 432495827),
(254043711, 132.00, 579414817),
(254548570, 135.00, 432495827),
(284916698, 6.00, 579414817),
(300317567, 226.00, 114830997),
(301242427, 44.00, 599822009),
(303010822, 283.00, 432495827),
(310497859, 474.00, 599822009),
(335995293, 96.00, 476987939),
(351066118, 183.00, 599822009),
(376992394, 108.00, 947157830),
(380600548, 122.00, 114830997),
(389351609, 466.00, 947157830),
(404548143, 435.00, 432495827),
(465343288, 279.00, 432495827),
(466881203, 259.00, 476987939),
(471626142, 316.00, 476987939),
(481522466, 152.00, 947157830),
(535469626, 169.00, 476987939),
(592142966, 171.00, 947157830),
(602456699, 281.00, 620948770),
(614088587, 306.00, 947157830),
(618234245, 74.00, 620948770),
(628776428, 269.00, 114830997),
(637605373, 268.00, 579414817),
(642168826, 306.00, 432495827),
(652188025, 390.00, 114830997),
(658953984, 481.00, 114830997),
(678189233, 247.00, 620948770),
(685303759, 465.00, 753040214),
(870797036, 370.00, 599822009),
(898901459, 4.00, 476987939),
(907748728, 396.00, 432495827),
(913334260, 311.00, 476987939),
(919185495, 31.00, 620948770),
(929270316, 97.00, 599822009),
(945607947, 27.00, 599822009),
(950908171, 358.00, 579414817),
(973167079, 24.00, 753040214),
(976786975, 94.00, 753040214),
(992554690, 297.00, 476987939);